[
  {
    "name": "Jane Cooper",
    "image": "08",
    "price": "7,080.95"
  },
  {
    "name": "Darrell Steward",
    "image": "09",
    "price": "7,.95"
  },
  {
    "name": "Arlene McCoy",
    "image": "10",
    "price": "7,0.95"
  },
  {
    "name": "ArleneGy Cat",
    "image": "11",
    "price": "80.95"
  },
  {
    "name": "Muse Cooper",
    "image": "12",
    "price": "7,08"
  },
  {
    "name": "Gymhyho Life ",
    "image": "13",
    "price": "7,05"
  },
  {
    "name": "Healthy No Fly",
    "image": "09",
    "price": "0.95"
  },
  {
    "name": "Fly Fun Cooper",
    "image": "08",
    "price": "80.95"
  }
]
