[
  {
    "name": "MetaMask",
    "title": "Throw myself down among the tall",
    "image": "01",
    "link": "#"
  },
  {
    "name": "Coibase Wallet",
    "title": "Lorem ipsum dolor sit amet, consectetur",
    "image": "02",
    "link": "#"
  },
  {
    "name": "WalletConnect",
    "title": "Sed euismod ante et leo commodo, ac faucibus",
    "image": "03",
    "link": "#"
  },
  {
    "name": "Ledger",
    "title": "Proin suscipit sem a nunc eleifend",
    "image": "04",
    "link": "#"
  },
  {
    "name": "Phantom",
    "title": "Vestibulum malesuada tortor vel erat",
    "image": "05",
    "link": "#"
  },
  {
    "name": "Bitkeep",
    "title": "Morbi vel eros sit amet quam viverra",
    "image": "06",
    "link": "#"
  },
  {
    "name": "Core",
    "title": "Mauris nec orci ac urna luctus",
    "image": "07",
    "link": "#"
  },
  {
    "name": "Glow",
    "title": "Pellentesque pretium felis vitae augue",
    "image": "08",
    "link": "#"
  },
  {
    "name": "Fortmatic",
    "title": "Nunc eget eros at tellus euismod",
    "image": "09",
    "link": "#"
  },
  {
    "name": "Kaikas",
    "title": "Aenean quis odio ultricies ex faucibus",
    "image": "10",
    "link": "#"
  },
  {
    "name": "Bitski",
    "title": "Fusce sed felis non purus pellentesque",
    "image": "11",
    "link": "#"
  },
  {
    "name": "Solflare",
    "title": "Donec in diam vulputate molestie",
    "image": "12",
    "link": "#"
  },
  {
    "name": "OperaTouch",
    "title": "Morbi vehicula ante eget cursus posuere",
    "image": "13",
    "link": "#"
  },
  {
    "name": "OperaTouch",
    "title": "Morbi vehicula ante eget cursus posuere",
    "image": "14",
    "link": "#"
  }
]
